CreateMeshBuilder,
AddVertex,1.19,-0.18,0.37,
AddVertex,1.19,-0.18,0.82,
AddVertex,1.19,-0.02,0.82,
AddVertex,1.36,-0.02,0.82,
AddVertex,1.36,-0.18,0.37,
AddFace,0,1,2,3,4,
SetTextureCoordinates,0,1,0
SetTextureCoordinates,1,0,0.5
SetTextureCoordinates,2,1,0
SetTextureCoordinates,3,0,1
SetTextureCoordinates,4,1,1
LoadTexture,trainstop4.png
generatenormals,

CreateMeshBuilder,
AddVertex,1.19,-0.18,1.48,
AddVertex,1.19,-0.18,2.29,
AddVertex,1.19,-0.02,1.48,
AddVertex,1.36,-0.02,1.48,
AddVertex,1.36,-0.18,2.29,
AddVertex,1.19,-0.02,1.48,
AddVertex,1.36,-0.02,1.48,
AddVertex,1.36,-0.18,2.29,
AddFace,0,1,2,3,4,
Addface,1,7,6,5,
SetTextureCoordinates,0,1,0
SetTextureCoordinates,1,0,1
SetTextureCoordinates,2,0,1
SetTextureCoordinates,3,1,0
SetTextureCoordinates,4,1,1
SetTextureCoordinates,1,0,0
SetTextureCoordinates,7,0,1
SetTextureCoordinates,6,1,1
SetTextureCoordinates,5,1,0
LoadTexture,trainstop4.png
generatenormals,

CreateMeshBuilder,
AddVertex,1.19,-0.02,1.45,
AddVertex,1.19,-0.02,0.85,
AddVertex,1.36,-0.02,0.85,
AddVertex,1.36,-0.18,0.85,
AddVertex,1.19,-0.18,0.85,
AddVertex,1.19,-0.18,1.45,
Addface,0,1,4,5,
Addface,1,2,3,4,
SetTextureCoordinates,0,0,0
SetTextureCoordinates,1,0,1
SetTextureCoordinates,4,1,1
SetTextureCoordinates,5,1,0
LoadTexture,trainstop3.png
generatenormals,

CreateMeshBuilder,
cube,0.09,0.01,0.3,
translate,1.272,-0.01,1.15
setcolor,30,30,30,


